School Name_x,Generated Revenue,Year,key,YEAR,School Name_y,SEED,ROUND,POWER RATING,Rank,School Name,Conference,Total Allocated
,,,Air_Force_23,,,,,,57.0,Air_Force_23,MWC,"$67,422,052.00"
Akron,"$371,234.00",2021-22,Akron_22,2022.0,Akron,13.0,64.0,76.7,,,,
Akron,"$398,461.00",2022-23,Akron_23,,,,,,112.0,Akron_23,MAC,"$30,290,134.00"
Alabama,"$19,047,972.00",2021-22,Alabama_22,2022.0,Alabama,6.0,64.0,85.2,,,,
Alabama,"$20,592,916.00",2022-23,Alabama_23,2023.0,Alabama,1.0,16.0,92.6,3.0,Alabama_23,SEC,"$195,881,911.00"
,,,Alabama_A&M_23,,,,,,197.0,Alabama_A&M_23,SWAC,"$14,189,129.00"
,,,Alabama_State_23,,,,,,192.0,Alabama_State_23,SWAC,"$17,892,138.00"
,,,Alabama_at_Birmingham_23,,,,,,89.0,Alabama_at_Birmingham_23,CUSA,"$39,890,894.00"
,,,Albany_23,,,,,,126.0,Albany_23,AmEast,"$27,056,948.00"
,,,Alcorn_State_23,,,,,,229.0,Alcorn_State_23,SWAC,"$6,863,951.00"
App State,"$427,907.00",2021-22,App_State_22,,,,,,,,,
App State,"$553,384.00",2022-23,App_State_23,,,,,,,,,
,,,Appalachian_State_23,,,,,,88.0,Appalachian_State_23,SBC,"$38,565,701.00"
Arizona,"$26,149,282.00",2021-22,Arizona_22,2022.0,Arizona,1.0,16.0,90.9,,,,
Arizona,"$26,655,146.00",2022-23,Arizona_23,2023.0,Arizona,2.0,64.0,89.0,31.0,Arizona_23,Pac-12,"$124,944,926.00"
,,,Arizona_St._23,2023.0,Arizona St.,11.0,64.0,80.3,,,,
Arizona State,"$9,472,323.00",2021-22,Arizona_State_22,,,,,,,,,
Arizona State,"$10,071,121.00",2022-23,Arizona_State_23,,,,,,33.0,Arizona_State_23,Pac-12,"$124,008,192.00"
,,,Arkansas-Little_Rock_23,,,,,,199.0,Arkansas-Little_Rock_23,OVC,"$13,928,945.00"
,,,Arkansas-Pine_Bluff_23,,,,,,226.0,Arkansas-Pine_Bluff_23,SWAC,"$8,689,626.00"
Arkansas,"$24,004,405.00",2021-22,Arkansas_22,2022.0,Arkansas,4.0,8.0,86.8,,,,
Arkansas,"$19,341,299.00",2022-23,Arkansas_23,2023.0,Arkansas,8.0,16.0,85.1,20.0,Arkansas_23,SEC,"$144,319,041.00"
Arkansas State,"$948,956.00",2021-22,Arkansas_State_22,,,,,,,,,
Arkansas State,"$629,619.00",2022-23,Arkansas_State_23,,,,,,107.0,Arkansas_State_23,SBC,"$32,376,515.00"
Auburn,"$16,942,072.00",2021-22,Auburn_22,2022.0,Auburn,2.0,32.0,89.5,,,,
Auburn,"$19,085,672.00",2022-23,Auburn_23,2023.0,Auburn,9.0,32.0,84.9,11.0,Auburn_23,SEC,"$151,590,763.00"
,,,Austin_Peay_23,,,,,,168.0,Austin_Peay_23,Asun,"$17,644,953.00"
Average,"$8,680,378.00",2021-22,Average_22,,,,,,,,,
Average,"$9,120,705.00",2022-23,Average_23,,,,,,,,,
Ball State,"$380,266.00",2021-22,Ball_State_22,,,,,,,,,
Ball State,"$580,216.00",2022-23,Ball_State_23,,,,,,120.0,Ball_State_23,MAC,"$28,526,892.00"
,,,Baylor_22,2022.0,Baylor,1.0,32.0,87.7,,,,
,,,Baylor_23,2023.0,Baylor,3.0,32.0,87.1,,,,
,,,Binghamton_23,,,,,,100.0,Binghamton_23,AmEast,"$23,851,280.00"
,,,Boise_St._22,2022.0,Boise St.,8.0,64.0,82.5,,,,
,,,Boise_St._23,2023.0,Boise St.,10.0,64.0,82.6,,,,
Boise State,"$4,838,586.00",2021-22,Boise_State_22,,,,,,,,,
Boise State,"$4,606,222.00",2022-23,Boise_State_23,,,,,,68.0,Boise_State_23,MWC,"$50,328,947.00"
Bowling Green,"$1,148,957.00",2021-22,Bowling_Green_22,,,,,,,,,
Bowling Green,"$1,068,288.00",2022-23,Bowling_Green_23,,,,,,130.0,Bowling_Green_23,MAC,"$25,353,769.00"
,,,Bryant_22,2022.0,Bryant,16.0,68.0,71.6,,,,
Buffalo,"$756,180.00",2021-22,Buffalo_22,,,,,,,,,
Buffalo,"$818,210.00",2022-23,Buffalo_23,,,,,,81.0,Buffalo_23,MAC,"$39,537,565.00"
,,,Cal_St._Fullerton_22,2022.0,Cal St. Fullerton,15.0,64.0,71.8,,,,
,,,California-Davis_23,,,,,,76.0,California-Davis_23,BigWst,"$40,909,557.00"
,,,California-Irvine_23,,,,,,133.0,California-Irvine_23,BigWst,"$25,162,739.00"
,,,California-Riverside_23,,,,,,167.0,California-Riverside_23,BigWst,"$16,789,734.00"
,,,California-San_Diego_23,,,,,,119.0,California-San_Diego_23,BigWst,"$24,652,947.00"
,,,California-Santa_Barbara_23,,,,,,146.0,California-Santa_Barbara_23,BigWst,"$24,902,464.00"
California,"$8,618,850.00",2021-22,California_22,,,,,,,,,
California,"$7,545,387.00",2022-23,California_23,,,,,,34.0,California_23,Pac-12,"$114,485,848.00"
,,,California_Polytechnic_23,,,,,,93.0,California_Polytechnic_23,BigWst,"$35,998,471.00"
,,,California_State-Bakersfield_23,,,,,,175.0,California_State-Bakersfield_23,BigWst,"$17,053,029.00"
,,,California_State-Fullerton_23,,,,,,145.0,California_State-Fullerton_23,BigWst,"$21,983,747.00"
,,,California_State-Northridge_23,,,,,,149.0,California_State-Northridge_23,BigWst,"$20,101,511.00"
,,,Central_Arkansas_23,,,,,,173.0,Central_Arkansas_23,Asun,"$17,096,473.00"
,,,Central_Connecticut_23,,,,,,182.0,Central_Connecticut_23,NEC,"$16,043,570.00"
,,,Central_Florida_23,,,,,,52.0,Central_Florida_23,AAC,"$69,099,289.00"
Central Michigan,"$563,361.00",2021-22,Central_Michigan_22,,,,,,,,,
Central Michigan,"$738,830.00",2022-23,Central_Michigan_23,,,,,,87.0,Central_Michigan_23,MAC,"$34,284,909.00"
Charlotte,"$665,127.00",2021-22,Charlotte_22,,,,,,,,,
Charlotte,"$706,523.00",2022-23,Charlotte_23,,,,,,79.0,Charlotte_23,CUSA,"$39,381,134.00"
,,,Chattanooga_22,2022.0,Chattanooga,13.0,64.0,78.7,,,,
,,,Chicago_State_23,,,,,,227.0,Chicago_State_23,Ind,"$8,398,712.00"
Cincinnati,"$4,365,263.00",2021-22,Cincinnati_22,,,,,,,,,
Cincinnati,"$4,367,728.00",2022-23,Cincinnati_23,,,,,,55.0,Cincinnati_23,AAC,"$75,902,262.00"
,,,Citadel_23,,,,,,161.0,Citadel_23,SoCon,"$18,019,405.00"
Clemson,"$9,191,027.00",2021-22,Clemson_22,,,,,,,,,
Clemson,"$9,686,429.00",2022-23,Clemson_23,,,,,,17.0,Clemson_23,ACC,"$143,356,820.00"
,,,Cleveland_State_23,,,,,,196.0,Cleveland_State_23,Hor,"$14,145,508.00"
Coastal Carolina,"$195,561.00",2021-22,Coastal_Carolina_22,,,,,,,,,
Coastal Carolina,"$138,500.00",2022-23,Coastal_Carolina_23,,,,,,73.0,Coastal_Carolina_23,SBC,"$45,443,779.00"
,,,Colgate_22,2022.0,Colgate,14.0,64.0,76.4,,,,
,,,Colgate_23,2023.0,Colgate,15.0,64.0,76.2,,,,
,,,College_of_Charleston_23,2023.0,College of Charleston,12.0,64.0,79.8,137.0,College_of_Charleston_23,CAA,"$22,217,391.00"
Colorado,"$9,059,619.00",2021-22,Colorado_22,,,,,,,,,
Colorado,"$9,419,879.00",2022-23,Colorado_23,,,,,,51.0,Colorado_23,Pac-12,"$95,968,696.00"
,,,Colorado_St._22,2022.0,Colorado St.,6.0,64.0,81.7,,,,
Colorado State,"$2,427,322.00",2021-22,Colorado_State_22,,,,,,,,,
Colorado State,"$2,182,603.00",2022-23,Colorado_State_23,,,,,,61.0,Colorado_State_23,MWC,"$61,220,502.00"
Connecticut,"$5,957,808.00",2021-22,Connecticut_22,2022.0,Connecticut,5.0,64.0,86.4,,,,
Connecticut,"$10,630,760.00",2022-23,Connecticut_23,2023.0,Connecticut,4.0,1.0,89.2,50.0,Connecticut_23,Big East,"$96,742,518.00"
,,,Coppin_State_23,,,,,,230.0,Coppin_State_23,MEAC,"$5,254,060.00"
,,,Creighton_22,2022.0,Creighton,9.0,32.0,81.5,,,,
,,,Creighton_23,2023.0,Creighton,6.0,8.0,87.6,,,,
,,,Davidson_22,2022.0,Davidson,10.0,64.0,81.8,,,,
,,,Delaware_22,2022.0,Delaware,15.0,64.0,73.6,,,,
,,,Delaware_State_23,,,,,,180.0,Delaware_State_23,MEAC,"$16,211,290.00"
,,,Drake_23,2023.0,Drake,12.0,64.0,81.2,,,,
,,,Duke_22,2022.0,Duke,2.0,4.0,89.3,,,,
,,,Duke_23,2023.0,Duke,5.0,32.0,87.1,,,,
East Carolina,"$651,293.00",2021-22,East_Carolina_22,,,,,,,,,
East Carolina,"$963,637.00",2022-23,East_Carolina_23,,,,,,64.0,East_Carolina_23,AAC,"$54,133,021.00"
,,,East_Tennessee_State_23,,,,,,144.0,East_Tennessee_State_23,SoCon,"$22,173,333.00"
,,,Eastern_Illinois_23,,,,,,207.0,Eastern_Illinois_23,OVC,"$14,551,286.00"
,,,Eastern_Kentucky_23,,,,,,153.0,Eastern_Kentucky_23,Asun,"$19,440,010.00"
Eastern Michigan,"$317,900.00",2021-22,Eastern_Michigan_22,,,,,,,,,
Eastern Michigan,"$560,655.00",2022-23,Eastern_Michigan_23,,,,,,104.0,Eastern_Michigan_23,MAC,"$33,040,581.00"
,,,Eastern_Washington_23,,,,,,206.0,Eastern_Washington_23,BigSky,"$16,032,290.00"
FAU,"$760,314.00",2021-22,FAU_22,,,,,,,,,
FAU,"$1,433,028.00",2022-23,FAU_23,,,,,,,,,
FIU,"$480,281.00",2021-22,FIU_22,,,,,,,,,
FIU,"$239,118.00",2022-23,FIU_23,,,,,,,,,
,,,Fairleigh_Dickinson_23,2023.0,Fairleigh Dickinson,16.0,32.0,64.4,,,,
Florida,"$12,909,681.00",2021-22,Florida_22,,,,,,,,,
Florida,"$12,908,581.00",2022-23,Florida_23,,,,,,8.0,Florida_23,SEC,"$174,365,070.00"
,,,Florida_A&M_23,,,,,,205.0,Florida_A&M_23,SWAC,"$12,049,059.00"
,,,Florida_Atlantic_23,2023.0,Florida Atlantic,9.0,4.0,82.6,83.0,Florida_Atlantic_23,CUSA,"$38,132,721.00"
,,,Florida_Gulf_Coast_23,,,,,,171.0,Florida_Gulf_Coast_23,Asun,"$17,286,852.00"
,,,Florida_International_23,,,,,,80.0,Florida_International_23,CUSA,"$39,433,624.00"
Florida State,"$16,963,568.00",2021-22,Florida_State_22,,,,,,,,,
Florida State,"$19,065,253.00",2022-23,Florida_State_23,,,,,,15.0,Florida_State_23,ACC,"$150,777,734.00"
Fresno State,"$1,604,749.00",2021-22,Fresno_State_22,,,,,,,,,
Fresno State,"$1,597,468.00",2022-23,Fresno_State_23,,,,,,65.0,Fresno_State_23,MWC,"$46,515,828.00"
,,,Furman_23,2023.0,Furman,13.0,32.0,78.2,,,,
,,,George_Mason_23,,,,,,98.0,George_Mason_23,A10,"$30,290,482.00"
Georgia,"$12,029,584.00",2021-22,Georgia_22,,,,,,,,,
Georgia,"$13,116,828.00",2022-23,Georgia_23,,,,,,5.0,Georgia_23,SEC,"$169,026,503.00"
Georgia Southern,"$449,636.00",2021-22,Georgia_Southern_22,,,,,,,,,
Georgia Southern,"$409,099.00",2022-23,Georgia_Southern_23,,,,,,111.0,Georgia_Southern_23,SBC,"$30,700,262.00"
,,,Georgia_St._22,2022.0,Georgia St.,16.0,64.0,73.5,,,,
Georgia State,"$233,767.00",2021-22,Georgia_State_22,,,,,,,,,
Georgia State,"$133,513.00",2022-23,Georgia_State_23,,,,,,72.0,Georgia_State_23,SBC,"$39,913,963.00"
Georgia Tech,"$12,425,566.00",2021-22,Georgia_Tech_22,,,,,,,,,
Georgia Tech,"$14,775,111.00",2022-23,Georgia_Tech_23,,,,,,44.0,Georgia_Tech_23,ACC,"$104,719,581.00"
,,,Gonzaga_22,2022.0,Gonzaga,1.0,16.0,96.5,,,,
,,,Gonzaga_23,2023.0,Gonzaga,3.0,8.0,89.9,,,,
,,,Grambling_State_23,,,,,,215.0,Grambling_State_23,SWAC,"$12,334,219.00"
,,,Grand_Canyon_23,2023.0,Grand Canyon,14.0,64.0,75.9,,,,
Hawaii,"$949,703.00",2021-22,Hawaii_22,,,,,,,,,
Hawaii,"$1,564,485.00",2022-23,Hawaii_23,,,,,,70.0,Hawaii_23,BigWst,"$48,029,141.00"
Houston,"$2,336,025.00",2021-22,Houston_22,2022.0,Houston,1.0,8.0,88.7,,,,
Houston,"$2,247,941.00",2022-23,Houston_23,2023.0,Houston,1.0,16.0,93.2,56.0,Houston_23,AAC,"$73,806,404.00"
,,,Howard_23,2023.0,Howard,16.0,64.0,69.3,,,,
,,,Idaho_23,,,,,,139.0,Idaho_23,BigSky,"$22,289,958.00"
,,,Idaho_State_23,,,,,,212.0,Idaho_State_23,BigSky,"$15,447,714.00"
,,,Illinois-Chicago_23,,,,,,162.0,Illinois-Chicago_23,MVC,"$19,336,276.00"
Illinois,"$29,343,934.00",2021-22,Illinois_22,2022.0,Illinois,4.0,32.0,86.8,,,,
Illinois,"$27,424,012.00",2022-23,Illinois_23,2023.0,Illinois,9.0,64.0,84.5,24.0,Illinois_23,Big 10,"$129,119,247.00"
,,,Illinois_State_23,,,,,,115.0,Illinois_State_23,MVC,"$29,834,680.00"
,,,Indiana-Purdue_Indianapolis_23,,,,,,221.0,Indiana-Purdue_Indianapolis_23,Hor,"$10,281,924.00"
Indiana,"$25,955,324.00",2021-22,Indiana_22,2022.0,Indiana,12.0,64.0,83.0,,,,
Indiana,"$26,940,286.00",2022-23,Indiana_23,2023.0,Indiana,4.0,32.0,85.8,13.0,Indiana_23,Big 10,"$132,392,596.00"
,,,Indiana_State_23,,,,,,157.0,Indiana_State_23,MVC,"$17,903,701.00"
,,,Iona_23,2023.0,Iona,13.0,64.0,79.6,,,,
Iowa,"$14,601,251.00",2021-22,Iowa_22,2022.0,Iowa,5.0,64.0,89.0,,,,
Iowa,"$14,984,166.00",2022-23,Iowa_23,2023.0,Iowa,8.0,64.0,84.4,21.0,Iowa_23,Big 10,"$151,144,861.00"
,,,Iowa_St._22,2022.0,Iowa St.,11.0,16.0,80.6,,,,
,,,Iowa_St._23,2023.0,Iowa St.,6.0,64.0,84.5,,,,
Iowa State,"$15,676,249.00",2021-22,Iowa_State_22,,,,,,,,,
Iowa State,"$16,120,049.00",2022-23,Iowa_State_23,,,,,,39.0,Iowa_State_23,Big 12,"$111,227,458.00"
,,,Jackson_State_23,,,,,,208.0,Jackson_State_23,SWAC,"$12,637,183.00"
,,,Jacksonville_St._22,2022.0,Jacksonville St.,15.0,64.0,73.2,,,,
,,,Jacksonville_State_23,,,,,,152.0,Jacksonville_State_23,Asun,"$20,288,342.00"
James Madison,"$457,446.00",2021-22,James_Madison_22,,,,,,,,,
James Madison,"$727,207.00",2022-23,James_Madison_23,,,,,,62.0,James_Madison_23,SBC,"$57,800,447.00"
Kansas,"$17,126,971.00",2021-22,Kansas_22,2022.0,Kansas,1.0,1.0,91.3,,,,
Kansas,"$18,347,052.00",2022-23,Kansas_23,2023.0,Kansas,1.0,32.0,89.6,35.0,Kansas_23,Big 12,"$108,696,078.00"
,,,Kansas_St._23,2023.0,Kansas St.,3.0,8.0,84.5,,,,
Kansas State,"$12,614,477.00",2021-22,Kansas_State_22,,,,,,,,,
Kansas State,"$15,206,519.00",2022-23,Kansas_State_23,,,,,,49.0,Kansas_State_23,Big 12,"$82,220,606.00"
,,,Kennesaw_St._23,2023.0,Kennesaw St.,14.0,64.0,73.3,,,,
,,,Kennesaw_State_23,,,,,,106.0,Kennesaw_State_23,Asun,"$25,862,921.00"
,,,Kent_St._23,2023.0,Kent St.,13.0,64.0,79.4,,,,
Kent State,"$294,428.00",2021-22,Kent_State_22,,,,,,,,,
Kent State,"$478,984.00",2022-23,Kent_State_23,,,,,,123.0,Kent_State_23,MAC,"$29,613,870.00"
Kentucky,"$31,256,132.00",2021-22,Kentucky_22,2022.0,Kentucky,2.0,64.0,91.2,,,,
Kentucky,"$32,117,351.00",2022-23,Kentucky_23,2023.0,Kentucky,6.0,32.0,86.0,16.0,Kentucky_23,SEC,"$153,621,183.00"
LSU,"$11,524,430.00",2021-22,LSU_22,2022.0,LSU,6.0,64.0,85.7,,,,
LSU,"$12,031,865.00",2022-23,LSU_23,,,,,,6.0,LSU_23,SEC,"$192,770,399.00"
,,,Lamar_23,,,,,,155.0,Lamar_23,SthLnd,"$18,854,203.00"
,,,Long_Beach_State_23,,,,,,148.0,Long_Beach_State_23,BigWst,"$25,797,936.00"
,,,Longwood_22,2022.0,Longwood,14.0,64.0,73.4,,,,
,,,Longwood_23,,,,,,211.0,Longwood_23,BigSou,"$12,023,800.00"
"Louisiana, Lafayette","$1,380,229.00",2021-22,"Louisiana,_Lafayette_22",,,,,,,,,
"Louisiana, Lafayette","$1,544,474.00",2022-23,"Louisiana,_Lafayette_23",,,,,,,,,
"Louisiana, Monroe","$384,072.00",2021-22,"Louisiana,_Monroe_22",,,,,,,,,
"Louisiana, Monroe","$407,093.00",2022-23,"Louisiana,_Monroe_23",,,,,,,,,
,,,Louisiana-Lafayette_23,,,,,,105.0,Louisiana-Lafayette_23,SBC,"$38,364,254.00"
,,,Louisiana-Monroe_23,,,,,,154.0,Louisiana-Monroe_23,SBC,"$20,527,424.00"
,,,Louisiana_Lafayette_23,2023.0,Louisiana Lafayette,13.0,64.0,76.3,,,,
Louisiana Tech,"$1,215,052.00",2021-22,Louisiana_Tech_22,,,,,,,,,
Louisiana Tech,"$1,058,640.00",2022-23,Louisiana_Tech_23,,,,,,121.0,Louisiana_Tech_23,CUSA,"$28,294,724.00"
Louisville,"$35,444,073.00",2021-22,Louisville_22,,,,,,,,,
Louisville,"$38,452,775.00",2022-23,Louisville_23,,,,,,23.0,Louisville_23,ACC,"$139,978,927.00"
,,,Loyola_Chicago_22,2022.0,Loyola Chicago,10.0,64.0,83.7,,,,
,,,Maine_23,,,,,,132.0,Maine_23,AmEast,"$24,291,873.00"
,,,Marquette_22,2022.0,Marquette,9.0,64.0,81.9,,,,
,,,Marquette_23,2023.0,Marquette,2.0,32.0,87.6,,,,
Marshall,"$1,949,299.00",2021-22,Marshall_22,,,,,,,,,
Marshall,"$2,100,964.00",2022-23,Marshall_23,,,,,,82.0,Marshall_23,SBC,"$39,350,986.00"
,,,Maryland-Baltimore_Cty_23,,,,,,134.0,Maryland-Baltimore_Cty_23,AmEast,"$18,788,921.00"
,,,Maryland-Eastern_Shore_23,,,,,,228.0,Maryland-Eastern_Shore_23,MEAC,"$7,875,993.00"
Maryland,"$12,697,587.00",2021-22,Maryland_22,,,,,,,,,
Maryland,"$14,682,529.00",2022-23,Maryland_23,2023.0,Maryland,8.0,32.0,84.5,43.0,Maryland_23,Big 10,"$114,385,462.00"
,,,Massachusetts-Lowell_23,,,,,,140.0,Massachusetts-Lowell_23,AmEast,"$22,192,454.00"
Massachusetts,"$587,017.00",2021-22,Massachusetts_22,,,,,,,,,
Massachusetts,"$734,484.00",2022-23,Massachusetts_23,,,,,,66.0,Massachusetts_23,A10,"$52,853,964.00"
,,,McNeese_State_23,,,,,,200.0,McNeese_State_23,SthLnd,"$13,321,532.00"
Memphis,"$5,873,945.00",2021-22,Memphis_22,2022.0,Memphis,9.0,32.0,84.9,,,,
Memphis,"$5,254,237.00",2022-23,Memphis_23,2023.0,Memphis,8.0,64.0,84.9,60.0,Memphis_23,AAC,"$62,174,875.00"
Miami (Ohio),"$476,262.00",2021-22,Miami_(Ohio)_22,,,,,,,,,
Miami (Ohio),"$587,341.00",2022-23,Miami_(Ohio)_23,,,,,,91.0,Miami_(Ohio)_23,MAC,"$37,880,709.00"
,,,Miami_FL_22,2022.0,Miami FL,10.0,8.0,81.1,,,,
,,,Miami_FL_23,2023.0,Miami FL,5.0,4.0,83.6,,,,
Michigan,"$21,141,253.00",2021-22,Michigan_22,2022.0,Michigan,11.0,16.0,84.7,,,,
Michigan,"$20,902,365.00",2022-23,Michigan_23,,,,,,4.0,Michigan_23,Big 10,"$193,559,375.00"
,,,Michigan_St._22,2022.0,Michigan St.,7.0,32.0,83.5,,,,
,,,Michigan_St._23,2023.0,Michigan St.,7.0,16.0,83.8,,,,
Michigan State,"$28,099,386.00",2021-22,Michigan_State_22,,,,,,,,,
Michigan State,"$25,540,501.00",2022-23,Michigan_State_23,,,,,,12.0,Michigan_State_23,Big 10,"$156,449,795.00"
Middle Tennessee,"$773,230.00",2021-22,Middle_Tennessee_22,,,,,,,,,
Middle Tennessee,"$737,789.00",2022-23,Middle_Tennessee_23,,,,,,96.0,Middle_Tennessee_23,CUSA,"$35,614,512.00"
Minnesota,"$17,667,197.00",2021-22,Minnesota_22,,,,,,,,,
Minnesota,"$17,411,807.00",2022-23,Minnesota_23,,,,,,29.0,Minnesota_23,Big 10,"$130,285,463.00"
,,,Mississippi_23,,,,,,30.0,Mississippi_23,SEC,"$138,796,990.00"
,,,Mississippi_St._23,2023.0,Mississippi St.,11.0,68.0,81.8,,,,
Mississippi State,"$8,540,438.00",2021-22,Mississippi_State_22,,,,,,,,,
Mississippi State,"$9,078,561.00",2022-23,Mississippi_State_23,,,,,,40.0,Mississippi_State_23,SEC,"$105,841,622.00"
,,,Mississippi_Valley_State_23,,,,,,231.0,Mississippi_Valley_State_23,SWAC,"$4,040,925.00"
,,,Missouri-Kansas_City_23,,,,,,210.0,Missouri-Kansas_City_23,Summit,"$12,893,022.00"
Missouri,"$11,838,733.00",2021-22,Missouri_22,,,,,,,,,
Missouri,"$14,657,876.00",2022-23,Missouri_23,2023.0,Missouri,7.0,32.0,81.4,28.0,Missouri_23,SEC,"$125,621,128.00"
,,,Missouri_State_23,,,,,,114.0,Missouri_State_23,MVC,"$29,915,772.00"
,,,Montana_23,,,,,,118.0,Montana_23,BigSky,"$22,515,985.00"
,,,Montana_St._22,2022.0,Montana St.,14.0,64.0,74.3,,,,
,,,Montana_St._23,2023.0,Montana St.,14.0,64.0,75.3,,,,
,,,Montana_State_23,,,,,,127.0,Montana_State_23,BigSky,"$26,119,361.00"
,,,Morehead_State_23,,,,,,213.0,Morehead_State_23,OVC,"$11,639,966.00"
,,,Morgan_State_23,,,,,,218.0,Morgan_State_23,MEAC,"$14,924,648.00"
,,,Murray_St._22,2022.0,Murray St.,7.0,32.0,81.3,,,,
,,,Murray_State_23,,,,,,158.0,Murray_State_23,MVC,"$19,210,384.00"
NC State,"$16,179,177.00",2021-22,NC_State_22,,,,,,,,,
NC State,"$17,090,330.00",2022-23,NC_State_23,,,,,,,,,
,,,Nebraska-Omaha_23,,,,,,128.0,Nebraska-Omaha_23,Summit,"$21,502,666.00"
Nebraska,"$17,052,987.00",2021-22,Nebraska_22,,,,,,,,,
Nebraska,"$17,500,617.00",2022-23,Nebraska_23,,,,,,26.0,Nebraska_23,Big 10,"$131,181,951.00"
,,,Nevada-Las_Vegas_23,,,,,,59.0,Nevada-Las_Vegas_23,MWC,"$62,644,050.00"
Nevada,"$6,314,076.00",2021-22,Nevada_22,,,,,,,,,
Nevada,"$7,090,897.00",2022-23,Nevada_23,2023.0,Nevada,11.0,68.0,79.6,71.0,Nevada_23,MWC,"$45,228,707.00"
,,,New_Hampshire_23,,,,,,103.0,New_Hampshire_23,AmEast,"$31,716,448.00"
,,,New_Jersey_Tech_23,,,,,,151.0,New_Jersey_Tech_23,AmEast,"$20,064,224.00"
New Mexico,"$3,160,407.00",2021-22,New_Mexico_22,,,,,,,,,
New Mexico,"$4,112,983.00",2022-23,New_Mexico_23,,,,,,74.0,New_Mexico_23,MWC,"$44,865,758.00"
,,,New_Mexico_St._22,2022.0,New Mexico St.,12.0,32.0,77.7,,,,
New Mexico State,"$1,766,157.00",2021-22,New_Mexico_State_22,,,,,,,,,
New Mexico State,"$1,540,661.00",2022-23,New_Mexico_State_23,,,,,,113.0,New_Mexico_State_23,WAC,"$32,457,148.00"
,,,New_Orleans_23,,,,,,232.0,New_Orleans_23,SthLnd,"$4,810,778.00"
,,,Nicholls_State_23,,,,,,220.0,Nicholls_State_23,SthLnd,"$11,164,752.00"
,,,Norfolk_St._22,2022.0,Norfolk St.,16.0,64.0,71.4,,,,
,,,Norfolk_State_23,,,,,,185.0,Norfolk_State_23,MEAC,"$15,928,886.00"
,,,North_Alabama_23,,,,,,198.0,North_Alabama_23,Asun,"$13,788,806.00"
North Carolina,"$32,234,012.00",2021-22,North_Carolina_22,2022.0,North Carolina,8.0,2.0,84.0,,,,
North Carolina,"$31,740,589.00",2022-23,North_Carolina_23,,,,,,32.0,North_Carolina_23,ACC,"$120,314,967.00"
,,,North_Carolina_A&T_23,,,,,,179.0,North_Carolina_A&T_23,CAA,"$15,829,584.00"
,,,North_Carolina_Asheville_23,,,,,,225.0,North_Carolina_Asheville_23,BigSou,"$8,884,929.00"
,,,North_Carolina_Central_23,,,,,,216.0,North_Carolina_Central_23,MEAC,"$11,339,477.00"
,,,North_Carolina_Greensboro_23,,,,,,159.0,North_Carolina_Greensboro_23,SoCon,"$17,118,048.00"
,,,North_Carolina_St._23,2023.0,North Carolina St.,11.0,64.0,81.4,,,,
,,,North_Carolina_State_23,,,,,,48.0,North_Carolina_State_23,ACC,"$100,991,410.00"
,,,North_Carolina_Wilmington_23,,,,,,183.0,North_Carolina_Wilmington_23,CAA,"$15,141,319.00"
,,,North_Dakota_23,,,,,,110.0,North_Dakota_23,Summit,"$30,837,768.00"
,,,North_Dakota_State_23,,,,,,117.0,North_Dakota_State_23,Summit,"$28,432,381.00"
,,,North_Florida_23,,,,,,190.0,North_Florida_23,Asun,"$14,456,960.00"
North Texas,"$610,048.00",2021-22,North_Texas_22,,,,,,,,,
North Texas,"$697,558.00",2022-23,North_Texas_23,,,,,,75.0,North_Texas_23,CUSA,"$44,222,540.00"
,,,Northern_Arizona_23,,,,,,129.0,Northern_Arizona_23,BigSky,"$25,388,969.00"
,,,Northern_Colorado_23,,,,,,141.0,Northern_Colorado_23,BigSky,"$18,973,253.00"
Northern Illinois,"$589,140.00",2021-22,Northern_Illinois_22,,,,,,,,,
Northern Illinois,"$517,765.00",2022-23,Northern_Illinois_23,,,,,,143.0,Northern_Illinois_23,MAC,"$24,097,387.00"
,,,Northern_Iowa_23,,,,,,170.0,Northern_Iowa_23,MVC,"$19,819,613.00"
,,,Northern_Kentucky_23,2023.0,Northern Kentucky,16.0,64.0,72.9,177.0,Northern_Kentucky_23,Hor,"$16,521,511.00"
,,,Northwestern_23,2023.0,Northwestern,7.0,32.0,82.2,,,,
,,,Northwestern_State_La_23,,,,,,201.0,Northwestern_State_La_23,SthLnd,"$13,234,261.00"
,,,Notre_Dame_22,2022.0,Notre Dame,11.0,32.0,81.6,,,,
,,,Oakland_23,,,,,,169.0,Oakland_23,Hor,"$17,325,703.00"
Ohio,"$1,253,993.00",2021-22,Ohio_22,,,,,,,,,
Ohio,"$1,170,004.00",2022-23,Ohio_23,,,,,,116.0,Ohio_23,MAC,"$31,309,063.00"
,,,Ohio_St._22,2022.0,Ohio St.,7.0,32.0,84.2,,,,
Ohio State,"$23,640,053.00",2021-22,Ohio_State_22,,,,,,,,,
Ohio State,"$24,162,936.00",2022-23,Ohio_State_23,,,,,,1.0,Ohio_State_23,Big 10,"$225,733,418.00"
Oklahoma,"$13,659,156.00",2021-22,Oklahoma_22,,,,,,,,,
Oklahoma,"$14,556,815.00",2022-23,Oklahoma_23,,,,,,10.0,Oklahoma_23,Big 12,"$175,997,457.00"
Oklahoma State,"$11,360,616.00",2021-22,Oklahoma_State_22,,,,,,,,,
Oklahoma State,"$14,991,097.00",2022-23,Oklahoma_State_23,,,,,,46.0,Oklahoma_State_23,Big 12,"$103,317,156.00"
Old Dominion,"$1,591,045.00",2021-22,Old_Dominion_22,,,,,,,,,
Old Dominion,"$1,711,582.00",2022-23,Old_Dominion_23,,,,,,67.0,Old_Dominion_23,SBC,"$51,914,920.00"
Ole Miss,"$12,209,564.00",2021-22,Ole_Miss_22,,,,,,,,,
Ole Miss,"$12,092,919.00",2022-23,Ole_Miss_23,,,,,,,,,
,,,Oral_Roberts_23,2023.0,Oral Roberts,12.0,64.0,79.2,,,,
Oregon,"$11,779,409.00",2021-22,Oregon_22,,,,,,,,,
Oregon,"$10,271,433.00",2022-23,Oregon_23,,,,,,19.0,Oregon_23,Pac-12,"$140,565,297.00"
Oregon State,"$6,139,494.00",2021-22,Oregon_State_22,,,,,,,,,
Oregon State,"$7,838,931.00",2022-23,Oregon_State_23,,,,,,54.0,Oregon_State_23,Pac-12,"$87,729,627.00"
,,,Penn_St._23,2023.0,Penn St.,10.0,32.0,82.8,,,,
Penn State,"$10,913,782.00",2021-22,Penn_State_22,,,,,,,,,
Penn State,"$12,583,316.00",2022-23,Penn_State_23,,,,,,9.0,Penn_State_23,Big 10,"$170,542,050.00"
,,,Pittsburgh_23,2023.0,Pittsburgh,11.0,32.0,79.7,,,,
,,,Portland_State_23,,,,,,176.0,Portland_State_23,BigSky,"$16,160,881.00"
,,,Prairie_View_A&M_23,,,,,,195.0,Prairie_View_A&M_23,SWAC,"$18,821,203.00"
,,,Princeton_23,2023.0,Princeton,15.0,16.0,75.4,,,,
,,,Providence_22,2022.0,Providence,4.0,16.0,82.7,,,,
,,,Providence_23,2023.0,Providence,11.0,64.0,82.8,,,,
Purdue,"$18,911,360.00",2021-22,Purdue_22,2022.0,Purdue,4.0,16.0,89.1,,,,
Purdue,"$16,311,833.00",2022-23,Purdue_23,2023.0,Purdue,1.0,64.0,89.5,37.0,Purdue_23,Big 10,"$93,025,810.00"
,,,Purdue_Fort_Wayne_23,,,,,,203.0,Purdue_Fort_Wayne_23,Hor,"$13,062,826.00"
,,,Radford_23,,,,,,187.0,Radford_23,BigSou,"$12,194,004.00"
,,,Rhode_Island_23,,,,,,108.0,Rhode_Island_23,A10,"$33,139,455.00"
,,,Richmond_22,2022.0,Richmond,12.0,32.0,79.9,,,,
Rutgers,"$4,660,552.00",2021-22,Rutgers_22,2022.0,Rutgers,11.0,68.0,81.1,,,,
Rutgers,"$5,613,639.00",2022-23,Rutgers_23,,,,,,42.0,Rutgers_23,Big 10,"$138,439,077.00"
,,,Sacramento_State_23,,,,,,95.0,Sacramento_State_23,BigSky,"$35,004,647.00"
,,,Saint_Mary's_22,2022.0,Saint Mary's,5.0,32.0,84.3,,,,
,,,Saint_Mary's_23,2023.0,Saint Mary's,5.0,32.0,85.9,,,,
,,,Saint_Peter's_22,2022.0,Saint Peter's,15.0,8.0,74.2,,,,
,,,Sam_Houston_State_23,,,,,,147.0,Sam_Houston_State_23,WAC,"$20,951,301.00"
,,,San_Diego_St._22,2022.0,San Diego St.,8.0,64.0,83.5,,,,
,,,San_Diego_St._23,2023.0,San Diego St.,5.0,2.0,86.0,,,,
San Diego State,"$7,384,360.00",2021-22,San_Diego_State_22,,,,,,,,,
San Diego State,"$12,900,328.00",2022-23,San_Diego_State_23,,,,,,58.0,San_Diego_State_23,MWC,"$67,245,917.00"
,,,San_Francisco_22,2022.0,San Francisco,10.0,64.0,81.8,,,,
San Jose State,"$131,068.00",2021-22,San_Jose_State_22,,,,,,,,,
San Jose State,"$249,297.00",2022-23,San_Jose_State_23,,,,,,86.0,San_Jose_State_23,MWC,"$39,030,022.00"
,,,Seton_Hall_22,2022.0,Seton Hall,8.0,64.0,82.6,,,,
South Alabama,"$569,465.00",2021-22,South_Alabama_22,,,,,,,,,
South Alabama,"$760,042.00",2022-23,South_Alabama_23,,,,,,85.0,South_Alabama_23,SBC,"$33,001,239.00"
South Carolina,"$12,391,571.00",2021-22,South_Carolina_22,,,,,,,,,
South Carolina,"$11,466,388.00",2022-23,South_Carolina_23,,,,,,27.0,South_Carolina_23,SEC,"$144,815,377.00"
,,,South_Carolina_State_23,,,,,,204.0,South_Carolina_State_23,MEAC,"$7,857,836.00"
,,,South_Carolina_Upstate_23,,,,,,224.0,South_Carolina_Upstate_23,BigSou,"$8,946,029.00"
,,,South_Dakota_23,,,,,,142.0,South_Dakota_23,Summit,"$22,446,314.00"
,,,South_Dakota_St._22,2022.0,South Dakota St.,13.0,64.0,79.7,,,,
,,,South_Dakota_State_23,,,,,,131.0,South_Dakota_State_23,Summit,"$23,399,570.00"
South Florida,"$1,675,956.00",2021-22,South_Florida_22,,,,,,,,,
South Florida,"$2,488,514.00",2022-23,South_Florida_23,,,,,,63.0,South_Florida_23,AAC,"$62,288,597.00"
,,,Southeast_Missouri_St._23,2023.0,Southeast Missouri St.,16.0,68.0,67.7,,,,
,,,Southeast_Missouri_State_23,,,,,,209.0,Southeast_Missouri_State_23,OVC,"$12,807,770.00"
,,,Southeastern_Louisiana_23,,,,,,189.0,Southeastern_Louisiana_23,SthLnd,"$14,775,594.00"
,,,Southern_23,,,,,,163.0,Southern_23,SWAC,"$18,585,316.00"
,,,Southern_Illinois_23,,,,,,156.0,Southern_Illinois_23,MVC,"$22,028,920.00"
,,,Southern_Illinois_Edwardsville_23,,,,,,217.0,Southern_Illinois_Edwardsville_23,OVC,"$11,106,055.00"
Southern Mississippi,"$353,434.00",2021-22,Southern_Mississippi_22,,,,,,,,,
Southern Mississippi,"$528,556.00",2022-23,Southern_Mississippi_23,,,,,,125.0,Southern_Mississippi_23,SBC,"$28,346,698.00"
,,,Southern_Utah_23,,,,,,174.0,Southern_Utah_23,WAC,"$16,254,960.00"
,,,Stephen_F._Austin_23,,,,,,136.0,Stephen_F._Austin_23,WAC,"$23,492,261.00"
,,,Stony_Brook_23,,,,,,94.0,Stony_Brook_23,CAA,"$38,944,967.00"
,,,TCU_22,2022.0,TCU,9.0,32.0,81.9,,,,
,,,TCU_23,2023.0,TCU,6.0,32.0,85.4,,,,
,,,Tarleton_State_23,,,,,,160.0,Tarleton_State_23,WAC,"$18,048,307.00"
,,,Tennessee-Chattanooga_23,,,,,,150.0,Tennessee-Chattanooga_23,SoCon,"$21,051,127.00"
,,,Tennessee-Martin_23,,,,,,193.0,Tennessee-Martin_23,OVC,"$14,461,961.00"
Tennessee,"$19,184,123.00",2021-22,Tennessee_22,2022.0,Tennessee,3.0,32.0,88.9,,,,
Tennessee,"$21,866,636.00",2022-23,Tennessee_23,2023.0,Tennessee,4.0,16.0,86.9,18.0,Tennessee_23,SEC,"$157,108,637.00"
,,,Tennessee_State_23,,,,,,186.0,Tennessee_State_23,OVC,"$15,883,556.00"
,,,Tennessee_Tech_23,,,,,,172.0,Tennessee_Tech_23,OVC,"$16,565,077.00"
,,,Texas-Arlington_23,,,,,,164.0,Texas-Arlington_23,WAC,"$18,542,203.00"
,,,Texas-El_Paso_23,,,,,,102.0,Texas-El_Paso_23,CUSA,"$34,370,528.00"
,,,Texas-Rio_Grande_Valley_23,,,,,,181.0,Texas-Rio_Grande_Valley_23,WAC,"$14,543,584.00"
,,,Texas-San_Antonio_23,,,,,,90.0,Texas-San_Antonio_23,CUSA,"$39,156,362.00"
Texas,"$23,958,575.00",2021-22,Texas_22,2022.0,Texas,6.0,32.0,86.3,,,,
Texas,"$23,011,910.00",2022-23,Texas_23,2023.0,Texas,2.0,8.0,90.1,2.0,Texas_23,Big 12,"$225,153,011.00"
,,,Texas_A&M-Corpus_Christi_23,,,,,,191.0,Texas_A&M-Corpus_Christi_23,SthLnd,"$14,968,202.00"
Texas A&M,"$12,877,528.00",2021-22,Texas_A&M_22,,,,,,,,,
Texas A&M,"$12,899,247.00",2022-23,Texas_A&M_23,2023.0,Texas A&M,7.0,64.0,85.1,7.0,Texas_A&M_23,SEC,"$177,671,900.00"
,,,Texas_A&M_Corpus_Chris_22,2022.0,Texas A&M Corpus Chris,16.0,68.0,67.3,,,,
,,,Texas_A&M_Corpus_Chris_23,2023.0,Texas A&M Corpus Chris,16.0,64.0,69.9,,,,
,,,Texas_Southern_22,2022.0,Texas Southern,16.0,64.0,70.4,,,,
,,,Texas_Southern_23,2023.0,Texas Southern,16.0,68.0,66.6,202.0,Texas_Southern_23,SWAC,"$13,362,715.00"
Texas State,"$357,034.00",2021-22,Texas_State_22,,,,,,,,,
Texas State,"$393,826.00",2022-23,Texas_State_23,,,,,,92.0,Texas_State_23,SBC,"$37,853,450.00"
Texas Tech,"$15,590,989.00",2021-22,Texas_Tech_22,2022.0,Texas Tech,3.0,16.0,88.7,,,,
Texas Tech,"$15,506,818.00",2022-23,Texas_Tech_23,,,,,,41.0,Texas_Tech_23,Big 12,"$104,778,443.00"
Toledo,"$731,183.00",2021-22,Toledo_22,,,,,,,,,
Toledo,"$999,862.00",2022-23,Toledo_23,,,,,,97.0,Toledo_23,MAC,"$35,602,789.00"
Total,"$928,800,517.00",2021-22,Total_22,,,,,,,,,
Total,"$975,915,472.00",2022-23,Total_23,,,,,,,,,
,,,Towson_23,,,,,,124.0,Towson_23,CAA,"$28,156,444.00"
Troy,"$256,827.00",2021-22,Troy_22,,,,,,,,,
Troy,"$402,184.00",2022-23,Troy_23,,,,,,101.0,Troy_23,SBC,"$33,355,524.00"
,,,UAB_22,2022.0,UAB,12.0,64.0,81.2,,,,
UCF,"$3,629,955.00",2021-22,UCF_22,,,,,,,,,
UCF,"$4,261,890.00",2022-23,UCF_23,,,,,,,,,
UCLA,"$12,736,321.00",2021-22,UCLA_22,2022.0,UCLA,4.0,16.0,89.8,,,,
UCLA,"$14,514,248.00",2022-23,UCLA_23,2023.0,UCLA,2.0,16.0,88.3,47.0,UCLA_23,Pac-12,"$131,106,913.00"
,,,UC_Santa_Barbara_23,2023.0,UC Santa Barbara,14.0,64.0,75.5,,,,
,,,UNC_Asheville_23,2023.0,UNC Asheville,15.0,64.0,73.0,,,,
UNLV,"$8,148,406.00",2021-22,UNLV_22,,,,,,,,,
UNLV,"$6,112,443.00",2022-23,UNLV_23,,,,,,,,,
,,,USC_22,2022.0,USC,7.0,64.0,83.0,,,,
,,,USC_23,2023.0,USC,10.0,64.0,83.0,,,,
UTEP,"$3,838,542.00",2021-22,UTEP_22,,,,,,,,,
UTEP,"$3,953,720.00",2022-23,UTEP_23,,,,,,,,,
UTSA,"$306,876.00",2021-22,UTSA_22,,,,,,,,,
UTSA,"$395,532.00",2022-23,UTSA_23,,,,,,,,,
Utah,"$11,801,523.00",2021-22,Utah_22,,,,,,,,,
Utah,"$13,392,643.00",2022-23,Utah_23,,,,,,36.0,Utah_23,Pac-12,"$111,880,434.00"
,,,Utah_St._23,2023.0,Utah St.,10.0,64.0,83.5,,,,
Utah State,"$1,809,649.00",2021-22,Utah_State_22,,,,,,,,,
Utah State,"$1,932,881.00",2022-23,Utah_State_23,,,,,,78.0,Utah_State_23,MWC,"$42,824,185.00"
,,,Utah_Tech_23,,,,,,194.0,Utah_Tech_23,WAC,"$13,987,957.00"
,,,Utah_Valley_23,,,,,,165.0,Utah_Valley_23,WAC,"$18,906,619.00"
,,,VCU_23,2023.0,VCU,12.0,64.0,81.7,,,,
,,,VMI_23,,,,,,184.0,VMI_23,SoCon,"$16,114,012.00"
,,,Vermont_22,2022.0,Vermont,13.0,64.0,80.3,,,,
,,,Vermont_23,2023.0,Vermont,15.0,64.0,76.3,138.0,Vermont_23,AmEast,"$23,169,941.00"
,,,Villanova_22,2022.0,Villanova,2.0,4.0,90.2,,,,
Virginia,"$14,625,549.00",2021-22,Virginia_22,,,,,,,,,
Virginia,"$18,199,143.00",2022-23,Virginia_23,2023.0,Virginia,4.0,64.0,83.8,14.0,Virginia_23,ACC,"$150,584,173.00"
,,,Virginia_Commonwealth_23,,,,,,77.0,Virginia_Commonwealth_23,A10,"$41,887,842.00"
Virginia Tech,"$13,799,621.00",2021-22,Virginia_Tech_22,2022.0,Virginia Tech,11.0,64.0,84.7,,,,
Virginia Tech,"$15,174,462.00",2022-23,Virginia_Tech_23,,,,,,38.0,Virginia_Tech_23,ACC,"$117,777,441.00"
Washington,"$12,208,056.00",2021-22,Washington_22,,,,,,,,,
Washington,"$10,992,854.00",2022-23,Washington_23,,,,,,25.0,Washington_23,Pac-12,"$149,458,923.00"
Washington State,"$7,001,837.00",2021-22,Washington_State_22,,,,,,,,,
Washington State,"$7,094,524.00",2022-23,Washington_State_23,,,,,,53.0,Washington_State_23,Pac-12,"$83,691,991.00"
,,,Weber_State_23,,,,,,188.0,Weber_State_23,BigSky,"$16,447,647.00"
West Virginia,"$15,080,398.00",2021-22,West_Virginia_22,,,,,,,,,
West Virginia,"$15,739,137.00",2022-23,West_Virginia_23,2023.0,West Virginia,9.0,64.0,84.2,45.0,West_Virginia_23,Big 12,"$97,067,706.00"
,,,Western_Carolina_23,,,,,,178.0,Western_Carolina_23,SoCon,"$17,040,389.00"
,,,Western_Illinois_23,,,,,,222.0,Western_Illinois_23,Summit,"$11,703,844.00"
Western Kentucky,"$1,428,802.00",2021-22,Western_Kentucky_22,,,,,,,,,
Western Kentucky,"$1,083,077.00",2022-23,Western_Kentucky_23,,,,,,99.0,Western_Kentucky_23,CUSA,"$35,142,710.00"
Western Michigan,"$679,656.00",2021-22,Western_Michigan_22,,,,,,,,,
Western Michigan,"$557,306.00",2022-23,Western_Michigan_23,,,,,,84.0,Western_Michigan_23,MAC,"$34,422,527.00"
,,,Wichita_State_23,,,,,,122.0,Wichita_State_23,AAC,"$25,668,918.00"
,,,William_&_Mary_23,,,,,,109.0,William_&_Mary_23,CAA,"$30,727,683.00"
,,,Winthrop_23,,,,,,214.0,Winthrop_23,BigSou,"$11,515,673.00"
,,,Wisconsin-Green_Bay_23,,,,,,223.0,Wisconsin-Green_Bay_23,Hor,"$8,898,030.00"
,,,Wisconsin-Milwaukee_23,,,,,,135.0,Wisconsin-Milwaukee_23,Hor,"$14,415,250.00"
Wisconsin,"$15,873,074.00",2021-22,Wisconsin_22,2022.0,Wisconsin,3.0,32.0,84.7,,,,
Wisconsin,"$19,127,691.00",2022-23,Wisconsin_23,,,,,,22.0,Wisconsin_23,Big 10,"$147,807,183.00"
,,,Wright_St._22,2022.0,Wright St.,16.0,64.0,73.5,,,,
,,,Wright_State_23,,,,,,219.0,Wright_State_23,Hor,"$10,698,961.00"
Wyoming,"$1,782,551.00",2021-22,Wyoming_22,2022.0,Wyoming,12.0,68.0,78.5,,,,
Wyoming,"$1,953,571.00",2022-23,Wyoming_23,,,,,,69.0,Wyoming_23,MWC,"$47,146,999.00"
,,,Xavier_23,2023.0,Xavier,3.0,16.0,84.4,,,,
,,,Yale_22,2022.0,Yale,14.0,64.0,74.7,,,,
,,,Youngstown_State_23,,,,,,166.0,Youngstown_State_23,Hor,"$17,773,159.00"
